<toolSet name="External Tools">
  <tool name="QtDes" description="打开Qt设计窗口" showInMainMenu="false" showInEditor="false" showInProject="false" showInSearchPopup="false" disabled="false" useConsole="true" showConsoleOnStdOut="false" showConsoleOnStdErr="false" synchronizeAfterRun="true">
    <exec>
      <option name="COMMAND" value="D:\python\python3\Lib\site-packages\PyQt5-tools\designer\designer.exe" />
      <option name="PARAMETERS" value="$FileDir$" />
      <option name="WORKING_DIRECTORY" value="$ProjectFileDir$" />
    </exec>
  </tool>
  <tool name="PyUic" description="把ui文件编译为py文件" showInMainMenu="false" showInEditor="false" showInProject="false" showInSearchPopup="false" disabled="false" useConsole="true" showConsoleOnStdOut="false" showConsoleOnStdErr="false" synchronizeAfterRun="true">
    <exec>
      <option name="COMMAND" value="D:\_python\xdkj_test\venv\Scripts\python.exe" />
      <option name="PARAMETERS" value="-m PyQt5.uic.pyuic  $FileName$ -o $FileNameWithoutExtension$.py" />
      <option name="WORKING_DIRECTORY" value="$FileDir$" />
    </exec>
  </tool>
</toolSet>