<profile version="1.0">
  <option name="myName" value="Default copy" />
  <inspection_tool class="CoffeeScriptUnusedLocalSymbols" enabled="false" level="WARNING" enabled_by_default="false" />
  <inspection_tool class="CucumberTableInspection" enabled="false" level="WARNING" enabled_by_default="false" />
  <inspection_tool class="EditorConfigUnusedDeclaration" enabled="false" level="WARNING" enabled_by_default="false" />
  <inspection_tool class="IgnoreUnusedEntry" enabled="false" level="UNUSED ENTRY" enabled_by_default="false" />
  <inspection_tool class="PyUnresolvedReferencesInspection" enabled="true" level="WARNING" enabled_by_default="true">
    <option name="ignoredIdentifiers">
      <list>
        <option value="m_reload" />
      </list>
    </option>
  </inspection_tool>
  <inspection_tool class="PyUnusedLocalInspection" enabled="false" level="WEAK WARNING" enabled_by_default="false">
    <option name="ignoreTupleUnpacking" value="true" />
    <option name="ignoreLambdaParameters" value="true" />
    <option name="ignoreLoopIterationVariables" value="true" />
    <option name="ignoreVariablesStartingWithUnderscore" value="true" />
  </inspection_tool>
  <inspection_tool class="SpellCheckingInspection" enabled="false" level="TYPO" enabled_by_default="false">
    <option name="processCode" value="true" />
    <option name="processLiterals" value="true" />
    <option name="processComments" value="true" />
  </inspection_tool>
</profile>