<keymap version="1" name="Visual Studio 复制" parent="Visual Studio">
  <action id="$EditorTranslateAction">
    <keyboard-shortcut first-keystroke="shift ctrl y" />
    <keyboard-shortcut first-keystroke="alt e" />
  </action>
  <action id="$LRU">
    <keyboard-shortcut first-keystroke="shift alt o" />
  </action>
  <action id="$Paste">
    <keyboard-shortcut first-keystroke="shift insert" />
  </action>
  <action id="ActivateRegexTesterToolWindow">
    <keyboard-shortcut first-keystroke="alt 8" />
  </action>
  <action id="ActivateVersionControlToolWindow">
    <keyboard-shortcut first-keystroke="alt 9" />
    <keyboard-shortcut first-keystroke="shift alt 9" />
    <keyboard-shortcut first-keystroke="f3" />
  </action>
  <action id="ActivateWordBookToolWindow">
    <keyboard-shortcut first-keystroke="alt 0" />
  </action>
  <action id="CheckinProject">
    <keyboard-shortcut first-keystroke="alt k" />
  </action>
  <action id="ChooseRunConfiguration">
    <keyboard-shortcut first-keystroke="shift alt f10" />
    <keyboard-shortcut first-keystroke="ctrl f5" />
  </action>
  <action id="CloseAllEditorsButActive">
    <keyboard-shortcut first-keystroke="alt w" />
  </action>
  <action id="CompareTwoFiles" />
  <action id="Console.TableResult.SetDefault" />
  <action id="Diff.ShowDiff">
    <keyboard-shortcut first-keystroke="alt d" />
  </action>
  <action id="DockPinnedMode">
    <keyboard-shortcut first-keystroke="alt l" />
  </action>
  <action id="EditorDeleteLine">
    <keyboard-shortcut first-keystroke="shift ctrl l" />
    <keyboard-shortcut first-keystroke="ctrl l" />
  </action>
  <action id="EditorDuplicate">
    <keyboard-shortcut first-keystroke="ctrl alt d" />
    <keyboard-shortcut first-keystroke="ctrl d" />
  </action>
  <action id="EditorPasteSimple">
    <keyboard-shortcut first-keystroke="shift ctrl alt v" />
    <keyboard-shortcut first-keystroke="ctrl v" />
  </action>
  <action id="EditorToggleUseSoftWraps">
    <keyboard-shortcut first-keystroke="alt f" />
  </action>
  <action id="EvaluateExpression">
    <keyboard-shortcut first-keystroke="alt f8" />
    <keyboard-shortcut first-keystroke="alt f10" />
  </action>
  <action id="ExpandAll" />
  <action id="ExpandAllRegions">
    <keyboard-shortcut first-keystroke="shift ctrl equals" />
  </action>
  <action id="ExpandExpandableComponent">
    <keyboard-shortcut first-keystroke="shift enter" />
    <keyboard-shortcut first-keystroke="ctrl add" />
  </action>
  <action id="ExpandRegion" />
  <action id="ExpandRegionRecursively">
    <keyboard-shortcut first-keystroke="ctrl equals" />
  </action>
  <action id="ExpandTreeNode" />
  <action id="FileChooser.GotoDesktop" />
  <action id="FindNext" />
  <action id="FindUsagesInFile">
    <keyboard-shortcut first-keystroke="shift f12" />
  </action>
  <action id="ForceRunToCursor">
    <keyboard-shortcut first-keystroke="ctrl alt f10" />
  </action>
  <action id="ForceStepInto">
    <keyboard-shortcut first-keystroke="alt f11" />
  </action>
  <action id="FullyExpandTreeNode" />
  <action id="Generate.Missing.Members.ES6" />
  <action id="Generate.Missing.Members.TypeScript" />
  <action id="Git.CheckoutRevision">
    <keyboard-shortcut first-keystroke="alt c" />
  </action>
  <action id="Git.Clone">
    <keyboard-shortcut first-keystroke="alt back_slash" />
  </action>
  <action id="GotoDeclaration">
    <keyboard-shortcut first-keystroke="shift f2" />
    <keyboard-shortcut first-keystroke="ctrl b" />
    <mouse-shortcut keystroke="control button1" />
    <mouse-shortcut keystroke="button2" />
  </action>
  <action id="GotoNextBookmark">
    <keyboard-shortcut first-keystroke="alt page_down" />
  </action>
  <action id="GotoPreviousBookmark">
    <keyboard-shortcut first-keystroke="alt page_up" />
  </action>
  <action id="Graph.ActualSize">
    <keyboard-shortcut first-keystroke="ctrl divide" />
  </action>
  <action id="Graph.ApplyCurrentLayout" />
  <action id="Images.Editor.ActualSize">
    <keyboard-shortcut first-keystroke="ctrl divide" />
  </action>
  <action id="Images.Editor.ZoomIn" />
  <action id="ImplementMethods" />
  <action id="Jdbc.OpenEditor.DDL">
    <keyboard-shortcut first-keystroke="shift f2" />
    <keyboard-shortcut first-keystroke="ctrl b" />
    <mouse-shortcut keystroke="control button1" />
    <mouse-shortcut keystroke="button2" />
  </action>
  <action id="Move">
    <keyboard-shortcut first-keystroke="alt f6" />
  </action>
  <action id="PasteMultiple">
    <keyboard-shortcut first-keystroke="shift ctrl insert" />
    <keyboard-shortcut first-keystroke="shift insert" />
    <keyboard-shortcut first-keystroke="shift ctrl v" />
  </action>
  <action id="QuickEvaluateExpression">
    <keyboard-shortcut first-keystroke="shift f8" />
  </action>
  <action id="QuickImplementations">
    <keyboard-shortcut first-keystroke="shift ctrl i" />
    <keyboard-shortcut first-keystroke="f8" />
  </action>
  <action id="QuickJavaDoc">
    <keyboard-shortcut first-keystroke="alt p" />
  </action>
  <action id="Resume" />
  <action id="Run">
    <keyboard-shortcut first-keystroke="alt f5" />
  </action>
  <action id="RunClass">
    <keyboard-shortcut first-keystroke="ctrl f9" />
    <keyboard-shortcut first-keystroke="f6" />
  </action>
  <action id="RunToCursor">
    <keyboard-shortcut first-keystroke="ctrl f10" />
  </action>
  <action id="SendEOF" />
  <action id="ShowExecutionPoint">
    <keyboard-shortcut first-keystroke="ctrl l" />
  </action>
  <action id="ShowSettings">
    <keyboard-shortcut first-keystroke="alt f7" />
    <keyboard-shortcut first-keystroke="f12" />
  </action>
  <action id="StepInto">
    <keyboard-shortcut first-keystroke="f11" />
  </action>
  <action id="StepOut">
    <keyboard-shortcut first-keystroke="shift f11" />
  </action>
  <action id="StepOver">
    <keyboard-shortcut first-keystroke="f10" />
  </action>
  <action id="ToggleFullScreen">
    <keyboard-shortcut first-keystroke="f12" />
  </action>
  <action id="ToggleTemporaryLineBreakpoint">
    <keyboard-shortcut first-keystroke="ctrl alt f9" />
  </action>
  <action id="Tool_External Tools_PyUic">
    <keyboard-shortcut first-keystroke="alt i" second-keystroke="alt o" />
  </action>
  <action id="Tool_External Tools_QtDes">
    <keyboard-shortcut first-keystroke="alt i" second-keystroke="alt i" />
  </action>
  <action id="UndockMode">
    <keyboard-shortcut first-keystroke="alt semicolon" />
  </action>
  <action id="UpdateRunningApplication" />
  <action id="Vcs.ShowMessageHistory">
    <keyboard-shortcut first-keystroke="ctrl m" />
  </action>
  <action id="WindowMode">
    <keyboard-shortcut first-keystroke="alt quote" />
  </action>
  <action id="org.intellij.plugins.markdown.ui.actions.editorLayout.EditorAndPreviewLayoutChangeAction">
    <keyboard-shortcut first-keystroke="alt s" />
  </action>
  <action id="org.intellij.plugins.markdown.ui.actions.editorLayout.EditorOnlyLayoutChangeAction">
    <keyboard-shortcut first-keystroke="alt a" />
  </action>
  <action id="org.intellij.plugins.markdown.ui.actions.editorLayout.PreviewOnlyLayoutChangeAction">
    <keyboard-shortcut first-keystroke="alt d" />
  </action>
  <action id="编辑 EditorTranslateAction">
    <keyboard-shortcut first-keystroke="alt e" />
  </action>
  <action id="编辑 LRU">
    <keyboard-shortcut first-keystroke="shift alt o" />
  </action>
  <action id="编辑 Undo">
    <keyboard-shortcut first-keystroke="ctrl z" />
  </action>
  <action id="调试">
    <keyboard-shortcut first-keystroke="f5" />
  </action>
</keymap>