<application>
  <component name="FileTypeManager" version="17">
    <ignoreFiles list="*$py.class;*.hprof;*.pyc;*.pyo;*.rbc;*.yarb;*~;.DS_Store;.git;.hg;.svn;CVS;__pycache__;_svn;vssver.scc;vssver2.scc;" />
    <extensionMap>
      <mapping pattern="_ideavimrc" type="PLAIN_TEXT" />
      <mapping pattern=".gitconfig" type="PLAIN_TEXT" />
      <mapping pattern="_vimrc" type="PLAIN_TEXT" />
      <mapping ext="c:\users\w3986\" type="PLAIN_TEXT" />
      <mapping ext="linux" type="PLAIN_TEXT" />
      <mapping ext="spec" type="PLAIN_TEXT" />
      <mapping ext="window" type="PLAIN_TEXT" />
    </extensionMap>
  </component>
</application>