<application>
  <component name="GeneralSettings">
    <option name="confirmExit" value="false" />
    <option name="processCloseConfirmation" value="TERMINATE" />
    <option name="searchInBackground" value="true" />
    <option name="showTipsOnStartup" value="false" />
  </component>
  <component name="Registry">
    <entry key="ide.balloon.shadow.size" value="0" />
    <entry key="ide.editor.tabs.open.at.the.end" value="true" />
    <entry key="debugger.watches.in.variables" value="false" />
    <entry key="async.project.view.collapse.tree.path.recursively" value="false" />
    <entry key="ide.tree.collapse.recursively" value="false" />
  </component>
</application>