<application>
  <component name="IgnoreSettings" missingGitignore="true" ignoredFileStatus="true" outerIgnoreRules="true" outerIgnoreWrapperHeight="1" version="3.1.2.191" starredTemplates="" unignoreActions="true" hideIgnoredFiles="true" notifyIgnoredEditing="true">
    <languages>
      <language id="Bazaar" NEW_FILE="true" ENABLE="true" />
      <language id="CloudFoundry" NEW_FILE="true" ENABLE="false" />
      <language id="Chef" NEW_FILE="true" ENABLE="false" />
      <language id="Cvs" NEW_FILE="true" ENABLE="true" />
      <language id="Darcs" NEW_FILE="true" ENABLE="true" />
      <language id="Docker" NEW_FILE="true" ENABLE="false" />
      <language id="ElasticBeanstalk" NEW_FILE="true" ENABLE="false" />
      <language id="ESLint" NEW_FILE="true" ENABLE="false" />
      <language id="Floobits" NEW_FILE="true" ENABLE="false" />
      <language id="Fossil" NEW_FILE="true" ENABLE="true" />
      <language id="Git" NEW_FILE="true" ENABLE="true" />
      <language id="Git exclude" NEW_FILE="true" ENABLE="true" />
      <language id="Google Cloud" NEW_FILE="true" ENABLE="false" />
      <language id="Kubernetes Helm" NEW_FILE="true" ENABLE="false" />
      <language id="Jetpack" NEW_FILE="true" ENABLE="false" />
      <language id="JSHint" NEW_FILE="true" ENABLE="false" />
      <language id="Mercurial" NEW_FILE="true" ENABLE="true" />
      <language id="Monotone" NEW_FILE="true" ENABLE="true" />
      <language id="Nodemon" NEW_FILE="true" ENABLE="false" />
      <language id="Npm" NEW_FILE="true" ENABLE="false" />
      <language id="NuxtJS" NEW_FILE="true" ENABLE="false" />
      <language id="Perforce" NEW_FILE="true" ENABLE="true" />
      <language id="Prettier" NEW_FILE="true" ENABLE="false" />
      <language id="StyleLint" NEW_FILE="true" ENABLE="false" />
      <language id="Stylint" NEW_FILE="true" ENABLE="false" />
      <language id="Swagger Codegen" NEW_FILE="true" ENABLE="false" />
      <language id="Team Foundation" NEW_FILE="true" ENABLE="true" />
      <language id="Up" NEW_FILE="true" ENABLE="false" />
    </languages>
    <userTemplates>
      <template name="Your template_python_pycharm"># Byte-compiled / optimized / DLL files
__pycache__/
*.py[cod]
*$py.class

# C extensions
*.so

# Distribution / packaging
.Python
build/
develop-eggs/
dist/
downloads/
eggs/
.eggs/
lib/
lib64/
parts/
sdist/
var/
wheels/
pip-wheel-metadata/
share/python-wheels/
*.egg-info/
.installed.cfg
*.egg
MANIFEST

# PyInstaller
#  Usually these files are written by a python script from a template
#  before PyInstaller builds the exe, so as to inject date/other infos into it.
*.manifest
*.spec

# Installer logs
pip-log.txt
pip-delete-this-directory.txt

# Unit test / coverage reports
htmlcov/
.tox/
.nox/
.coverage
.coverage.*
.cache
nosetests.xml
coverage.xml
*.cover
*.py,cover
.hypothesis/
.pytest_cache/

# Translations
*.mo
*.pot

# Django stuff:
*.log
local_settings.py
db.sqlite3
db.sqlite3-journal

# Flask stuff:
instance/
.webassets-cache

# Scrapy stuff:
.scrapy

# Sphinx documentation
docs/_build/

# PyBuilder
target/

# Jupyter Notebook
.ipynb_checkpoints

# IPython
profile_default/
ipython_config.py

# pyenv
.python-version

# pipenv
#   According to pypa/pipenv#598, it is recommended to include Pipfile.lock in version control.
#   However, in case of collaboration, if having platform-specific dependencies or dependencies
#   having no cross-platform support, pipenv may install dependencies that don't work, or not
#   install all needed dependencies.
#Pipfile.lock

# PEP 582; used by e.g. github.com/David-OConnor/pyflow
__pypackages__/

# Celery stuff
celerybeat-schedule
celerybeat.pid

# SageMath parsed files
*.sage.py

# Environments
.env
.venv
env/
venv/
ENV/
env.bak/
venv.bak/

# Spyder project settings
.spyderproject
.spyproject

# Rope project settings
.ropeproject

# mkdocs documentation
/site

# mypy
.mypy_cache/
.dmypy.json
dmypy.json

# Pyre type checker
.pyre/
/.gitignore
### JetBrains template
# Covers JetBrains IDEs: IntelliJ, RubyMine, PhpStorm, AppCode, PyCharm, CLion, Android Studio and WebStorm
# Reference: https://intellij-support.jetbrains.com/hc/en-us/articles/206544839

# User-specific stuff
.idea/**/workspace.xml
.idea/**/tasks.xml
.idea/**/usage.statistics.xml
.idea/**/dictionaries
.idea/**/shelf

# Generated files
.idea/**/contentModel.xml

# Sensitive or high-churn files
.idea/**/dataSources/
.idea/**/dataSources.ids
.idea/**/dataSources.local.xml
.idea/**/sqlDataSources.xml
.idea/**/dynamic.xml
.idea/**/uiDesigner.xml
.idea/**/dbnavigator.xml

# Gradle
.idea/**/gradle.xml
.idea/**/libraries

# Gradle and Maven with auto-import
# When using Gradle or Maven with auto-import, you should exclude module files,
# since they will be recreated, and may cause churn.  Uncomment if using
# auto-import.
# .idea/modules.xml
# .idea/*.iml
# .idea/modules
# *.iml
# *.ipr

# CMake
cmake-build-*/

# Mongo Explorer plugin
.idea/**/mongoSettings.xml

# File-based project format
*.iws

# IntelliJ
out/

# mpeltonen/sbt-idea plugin
.idea_modules/

# JIRA plugin
atlassian-ide-plugin.xml

# Cursive Clojure plugin
.idea/replstate.xml

# Crashlytics plugin (for Android Studio and IntelliJ)
com_crashlytics_export_strings.xml
crashlytics.properties
crashlytics-build.properties
fabric.properties

# Editor-based Rest Client
.idea/httpRequests

# Android studio 3.1+ serialized cache file
.idea/caches/build_file_checksums.ser

/.idea</template>
    </userTemplates>
  </component>
</application>