<application>
  <component name="ProjectJdkTable">
    <jdk version="2">
      <name value="Python 3.7" />
      <type value="Python SDK" />
      <version value="Python 3.7.4" />
      <homePath value="D:\python\python3\python.exe" />
      <roots>
        <classPath>
          <root type="composite">
            <root url="file://D:/python/python3/DLLs" type="simple" />
            <root url="file://D:/python/python3/Lib" type="simple" />
            <root url="file://D:/python/python3" type="simple" />
            <root url="file://$USER_HOME$/AppData/Roaming/Python/Python37/site-packages" type="simple" />
            <root url="file://D:/python/python3/Lib/site-packages" type="simple" />
            <root url="file://D:/python/python3/Lib/site-packages/win32" type="simple" />
            <root url="file://D:/python/python3/Lib/site-packages/win32/lib" type="simple" />
            <root url="file://D:/python/python3/Lib/site-packages/pythonwin" type="simple" />
            <root url="file://$USER_HOME$/.PyCharm2019.1/system/python_stubs/-1436327950" type="simple" />
            <root url="file://$APPLICATION_HOME_DIR$/helpers/python-skeletons" type="simple" />
            <root url="file://$APPLICATION_HOME_DIR$/helpers/typeshed/stdlib/3" type="simple" />
            <root url="file://$APPLICATION_HOME_DIR$/helpers/typeshed/stdlib/2and3" type="simple" />
            <root url="file://$APPLICATION_HOME_DIR$/helpers/typeshed/third_party/3" type="simple" />
            <root url="file://$APPLICATION_HOME_DIR$/helpers/typeshed/third_party/2and3" type="simple" />
          </root>
        </classPath>
        <sourcePath>
          <root type="composite" />
        </sourcePath>
      </roots>
      <additional />
    </jdk>
    <jdk version="2">
      <name value="Python 3.7 (testxlsx)" />
      <type value="Python SDK" />
      <version value="Python 3.7.4" />
      <homePath value="D:\_python\pycharm_py\testxlsx\venv\Scripts\python.exe" />
      <roots>
        <classPath>
          <root type="composite">
            <root url="file://D:/python/python3/DLLs" type="simple" />
            <root url="file://D:/python/python3/Lib" type="simple" />
            <root url="file://D:/python/python3" type="simple" />
            <root url="file://D:/_python/pycharm_py/testxlsx/venv" type="simple" />
            <root url="file://D:/_python/pycharm_py/testxlsx/venv/Lib/site-packages" type="simple" />
            <root url="jar://D:/_python/pycharm_py/testxlsx/venv/Lib/site-packages/setuptools-40.8.0-py3.7.egg!/" type="simple" />
            <root url="file://D:/_python/pycharm_py/testxlsx/venv/Lib/site-packages/pip-19.0.3-py3.7.egg" type="simple" />
            <root url="file://$USER_HOME$/.PyCharm2019.1/system/python_stubs/-1891473021" type="simple" />
            <root url="file://$APPLICATION_HOME_DIR$/helpers/python-skeletons" type="simple" />
            <root url="file://$APPLICATION_HOME_DIR$/helpers/typeshed/stdlib/3" type="simple" />
            <root url="file://$APPLICATION_HOME_DIR$/helpers/typeshed/stdlib/2and3" type="simple" />
            <root url="file://$APPLICATION_HOME_DIR$/helpers/typeshed/third_party/3" type="simple" />
            <root url="file://$APPLICATION_HOME_DIR$/helpers/typeshed/third_party/2and3" type="simple" />
          </root>
        </classPath>
        <sourcePath>
          <root type="composite" />
        </sourcePath>
      </roots>
      <additional ASSOCIATED_PROJECT_PATH="D:/_python/pycharm_py/testxlsx" />
    </jdk>
    <jdk version="2">
      <name value="Python 3.7 (logging_test)" />
      <type value="Python SDK" />
      <version value="Python 3.7.4" />
      <homePath value="D:\_python\pycharm_py\logging_test\venv\Scripts\python.exe" />
      <roots>
        <classPath>
          <root type="composite">
            <root url="file://D:/python/python3/DLLs" type="simple" />
            <root url="file://D:/python/python3/Lib" type="simple" />
            <root url="file://D:/python/python3" type="simple" />
            <root url="file://D:/_python/pycharm_py/logging_test/venv" type="simple" />
            <root url="file://D:/_python/pycharm_py/logging_test/venv/Lib/site-packages" type="simple" />
            <root url="jar://D:/_python/pycharm_py/logging_test/venv/Lib/site-packages/setuptools-40.8.0-py3.7.egg!/" type="simple" />
            <root url="file://D:/_python/pycharm_py/logging_test/venv/Lib/site-packages/pip-19.0.3-py3.7.egg" type="simple" />
            <root url="file://$USER_HOME$/.PyCharm2019.1/system/python_stubs/2085976586" type="simple" />
            <root url="file://$APPLICATION_HOME_DIR$/helpers/python-skeletons" type="simple" />
            <root url="file://$APPLICATION_HOME_DIR$/helpers/typeshed/stdlib/3" type="simple" />
            <root url="file://$APPLICATION_HOME_DIR$/helpers/typeshed/stdlib/2and3" type="simple" />
            <root url="file://$APPLICATION_HOME_DIR$/helpers/typeshed/third_party/3" type="simple" />
            <root url="file://$APPLICATION_HOME_DIR$/helpers/typeshed/third_party/2and3" type="simple" />
          </root>
        </classPath>
        <sourcePath>
          <root type="composite" />
        </sourcePath>
      </roots>
      <additional ASSOCIATED_PROJECT_PATH="D:/_python/pycharm_py/logging_test" />
    </jdk>
    <jdk version="2">
      <name value="Python 3.7 (venv)" />
      <type value="Python SDK" />
      <version value="Python 3.7.4" />
      <homePath value="D:\_python\scrapy_test\venv\Scripts\python.exe" />
      <roots>
        <classPath>
          <root type="composite">
            <root url="file://D:/python/python3/DLLs" type="simple" />
            <root url="file://D:/python/python3/Lib" type="simple" />
            <root url="file://D:/python/python3" type="simple" />
            <root url="file://D:/_python/scrapy_test/venv" type="simple" />
            <root url="file://D:/_python/scrapy_test/venv/Lib/site-packages" type="simple" />
            <root url="file://$USER_HOME$/.PyCharm2019.1/system/python_stubs/1692888908" type="simple" />
            <root url="file://$APPLICATION_HOME_DIR$/helpers/python-skeletons" type="simple" />
            <root url="file://$APPLICATION_HOME_DIR$/helpers/typeshed/stdlib/3" type="simple" />
            <root url="file://$APPLICATION_HOME_DIR$/helpers/typeshed/stdlib/2and3" type="simple" />
            <root url="file://$APPLICATION_HOME_DIR$/helpers/typeshed/third_party/3" type="simple" />
            <root url="file://$APPLICATION_HOME_DIR$/helpers/typeshed/third_party/2and3" type="simple" />
          </root>
        </classPath>
        <sourcePath>
          <root type="composite" />
        </sourcePath>
      </roots>
      <additional />
    </jdk>
    <jdk version="2">
      <name value="Python 3.7 (python_unittest)" />
      <type value="Python SDK" />
      <version value="Python 3.7.4" />
      <homePath value="D:\_python\python_unittest\venv\Scripts\python.exe" />
      <roots>
        <classPath>
          <root type="composite">
            <root url="file://D:/python/python3/DLLs" type="simple" />
            <root url="file://D:/python/python3/Lib" type="simple" />
            <root url="file://D:/python/python3" type="simple" />
            <root url="file://D:/_python/python_unittest/venv" type="simple" />
            <root url="file://D:/_python/python_unittest/venv/Lib/site-packages" type="simple" />
            <root url="file://$USER_HOME$/.PyCharm2019.1/system/python_stubs/-1754846660" type="simple" />
            <root url="file://$APPLICATION_HOME_DIR$/helpers/python-skeletons" type="simple" />
            <root url="file://$APPLICATION_HOME_DIR$/helpers/typeshed/stdlib/3" type="simple" />
            <root url="file://$APPLICATION_HOME_DIR$/helpers/typeshed/stdlib/2and3" type="simple" />
            <root url="file://$APPLICATION_HOME_DIR$/helpers/typeshed/third_party/3" type="simple" />
            <root url="file://$APPLICATION_HOME_DIR$/helpers/typeshed/third_party/2and3" type="simple" />
          </root>
        </classPath>
        <sourcePath>
          <root type="composite" />
        </sourcePath>
      </roots>
      <additional ASSOCIATED_PROJECT_PATH="D:/_python/python_unittest" />
    </jdk>
    <jdk version="2">
      <name value="Python 3.7 (pythonG)" />
      <type value="Python SDK" />
      <version value="Python 3.8.7" />
      <homePath value="D:\_python\pythonG\venv\Scripts\python.exe" />
      <roots>
        <classPath>
          <root type="composite">
            <root url="file://D:/python/python32/DLLs" type="simple" />
            <root url="file://D:/python/python32/Lib" type="simple" />
            <root url="file://D:/python/python32" type="simple" />
            <root url="file://D:/_python/pythonG/venv/Lib/site-packages" type="simple" />
            <root url="file://$USER_HOME$/.PyCharm2019.1/system/python_stubs/1346653710" type="simple" />
            <root url="file://$APPLICATION_HOME_DIR$/helpers/python-skeletons" type="simple" />
            <root url="file://$APPLICATION_HOME_DIR$/helpers/typeshed/stdlib/3" type="simple" />
            <root url="file://$APPLICATION_HOME_DIR$/helpers/typeshed/stdlib/2and3" type="simple" />
            <root url="file://$APPLICATION_HOME_DIR$/helpers/typeshed/third_party/3" type="simple" />
            <root url="file://$APPLICATION_HOME_DIR$/helpers/typeshed/third_party/2and3" type="simple" />
          </root>
        </classPath>
        <sourcePath>
          <root type="composite" />
        </sourcePath>
      </roots>
      <additional ASSOCIATED_PROJECT_PATH="D:/_python/pythonG" />
    </jdk>
    <jdk version="2">
      <name value="Python 3.7 (xdkj_test)" />
      <type value="Python SDK" />
      <version value="Python 3.8.7" />
      <homePath value="D:\_python\xdkj_test\venv\Scripts\python.exe" />
      <roots>
        <classPath>
          <root type="composite">
            <root url="file://D:/python/python32/DLLs" type="simple" />
            <root url="file://D:/python/python32/Lib" type="simple" />
            <root url="file://D:/python/python32" type="simple" />
            <root url="file://D:/_python/xdkj_test/venv" type="simple" />
            <root url="file://D:/_python/xdkj_test/venv/Lib/site-packages" type="simple" />
            <root url="file://D:/_python/xdkj_test/venv/Lib/site-packages/win32" type="simple" />
            <root url="file://D:/_python/xdkj_test/venv/Lib/site-packages/win32/lib" type="simple" />
            <root url="file://D:/_python/xdkj_test/venv/Lib/site-packages/pythonwin" type="simple" />
            <root url="file://$USER_HOME$/.PyCharm2019.1/system/python_stubs/-200475543" type="simple" />
            <root url="file://$APPLICATION_HOME_DIR$/helpers/python-skeletons" type="simple" />
            <root url="file://$APPLICATION_HOME_DIR$/helpers/typeshed/stdlib/3" type="simple" />
            <root url="file://$APPLICATION_HOME_DIR$/helpers/typeshed/stdlib/2and3" type="simple" />
            <root url="file://$APPLICATION_HOME_DIR$/helpers/typeshed/third_party/3" type="simple" />
            <root url="file://$APPLICATION_HOME_DIR$/helpers/typeshed/third_party/2and3" type="simple" />
          </root>
        </classPath>
        <sourcePath>
          <root type="composite" />
        </sourcePath>
      </roots>
      <additional ASSOCIATED_PROJECT_PATH="D:/_python/xdkj_test" />
    </jdk>
    <jdk version="2">
      <name value="Python 3.7 (pyinstaller_test)" />
      <type value="Python SDK" />
      <version value="Python 3.8.7" />
      <homePath value="D:\_python\pycharm_py\pyinstaller_test\venv\Scripts\python.exe" />
      <roots>
        <classPath>
          <root type="composite">
            <root url="file://D:/python/python32/DLLs" type="simple" />
            <root url="file://D:/python/python32/Lib" type="simple" />
            <root url="file://D:/python/python32" type="simple" />
            <root url="file://D:/_python/pycharm_py/pyinstaller_test/venv" type="simple" />
            <root url="file://D:/_python/pycharm_py/pyinstaller_test/venv/Lib/site-packages" type="simple" />
            <root url="file://D:/_python/pycharm_py/pyinstaller_test/venv/Lib/site-packages/win32" type="simple" />
            <root url="file://D:/_python/pycharm_py/pyinstaller_test/venv/Lib/site-packages/win32/lib" type="simple" />
            <root url="file://D:/_python/pycharm_py/pyinstaller_test/venv/Lib/site-packages/pythonwin" type="simple" />
            <root url="file://$USER_HOME$/.PyCharm2019.1/system/python_stubs/393094602" type="simple" />
            <root url="file://$APPLICATION_HOME_DIR$/helpers/python-skeletons" type="simple" />
            <root url="file://$APPLICATION_HOME_DIR$/helpers/typeshed/stdlib/3" type="simple" />
            <root url="file://$APPLICATION_HOME_DIR$/helpers/typeshed/stdlib/2and3" type="simple" />
            <root url="file://$APPLICATION_HOME_DIR$/helpers/typeshed/third_party/3" type="simple" />
            <root url="file://$APPLICATION_HOME_DIR$/helpers/typeshed/third_party/2and3" type="simple" />
          </root>
        </classPath>
        <sourcePath>
          <root type="composite" />
        </sourcePath>
      </roots>
      <additional ASSOCIATED_PROJECT_PATH="D:/_python/pycharm_py/pyinstaller_test" />
    </jdk>
    <jdk version="2">
      <name value="Python 3.8 (venv)" />
      <type value="Python SDK" />
      <version value="Python 3.8.7" />
      <homePath value="D:\_python\pycharm_py\untitled\venv\Scripts\python.exe" />
      <roots>
        <classPath>
          <root type="composite">
            <root url="file://D:/python/python32/DLLs" type="simple" />
            <root url="file://D:/python/python32/Lib" type="simple" />
            <root url="file://D:/python/python32" type="simple" />
            <root url="file://D:/_python/pycharm_py/untitled/venv" type="simple" />
            <root url="file://D:/_python/pycharm_py/untitled/venv/Lib/site-packages" type="simple" />
            <root url="jar://D:/_python/pycharm_py/untitled/venv/Lib/site-packages/setuptools-40.8.0-py3.8.egg!/" type="simple" />
            <root url="file://D:/_python/pycharm_py/untitled/venv/Lib/site-packages/pip-19.0.3-py3.8.egg" type="simple" />
            <root url="file://$USER_HOME$/.PyCharm2019.1/system/python_stubs/-588062595" type="simple" />
            <root url="file://$APPLICATION_HOME_DIR$/helpers/python-skeletons" type="simple" />
            <root url="file://$APPLICATION_HOME_DIR$/helpers/typeshed/stdlib/3" type="simple" />
            <root url="file://$APPLICATION_HOME_DIR$/helpers/typeshed/stdlib/2and3" type="simple" />
            <root url="file://$APPLICATION_HOME_DIR$/helpers/typeshed/third_party/3" type="simple" />
            <root url="file://$APPLICATION_HOME_DIR$/helpers/typeshed/third_party/2and3" type="simple" />
          </root>
        </classPath>
        <sourcePath>
          <root type="composite" />
        </sourcePath>
      </roots>
      <additional />
    </jdk>
    <jdk version="2">
      <name value="Python 3.8 (mytools)" />
      <type value="Python SDK" />
      <version value="Python 3.8.7" />
      <homePath value="D:\_python\pycharm_py\mytools\venv\Scripts\python.exe" />
      <roots>
        <classPath>
          <root type="composite">
            <root url="file://D:/python/python32/DLLs" type="simple" />
            <root url="file://D:/python/python32/Lib" type="simple" />
            <root url="file://D:/python/python32" type="simple" />
            <root url="file://D:/_python/pycharm_py/mytools/venv" type="simple" />
            <root url="file://D:/_python/pycharm_py/mytools/venv/Lib/site-packages" type="simple" />
            <root url="jar://D:/_python/pycharm_py/mytools/venv/Lib/site-packages/setuptools-40.8.0-py3.8.egg!/" type="simple" />
            <root url="file://D:/_python/pycharm_py/mytools/venv/Lib/site-packages/pip-19.0.3-py3.8.egg" type="simple" />
            <root url="file://$USER_HOME$/.PyCharm2019.1/system/python_stubs/750886071" type="simple" />
            <root url="file://$APPLICATION_HOME_DIR$/helpers/python-skeletons" type="simple" />
            <root url="file://$APPLICATION_HOME_DIR$/helpers/typeshed/stdlib/3" type="simple" />
            <root url="file://$APPLICATION_HOME_DIR$/helpers/typeshed/stdlib/2and3" type="simple" />
            <root url="file://$APPLICATION_HOME_DIR$/helpers/typeshed/third_party/3" type="simple" />
            <root url="file://$APPLICATION_HOME_DIR$/helpers/typeshed/third_party/2and3" type="simple" />
          </root>
        </classPath>
        <sourcePath>
          <root type="composite" />
        </sourcePath>
      </roots>
      <additional ASSOCIATED_PROJECT_PATH="D:/_python/pycharm_py/mytools" />
    </jdk>
    <jdk version="2">
      <name value="Python 3.8 (test_git)" />
      <type value="Python SDK" />
      <version value="Python 3.8.7" />
      <homePath value="D:\_python\pycharm_py\test_git\venv\Scripts\python.exe" />
      <roots>
        <classPath>
          <root type="composite">
            <root url="file://D:/python/python32/DLLs" type="simple" />
            <root url="file://D:/python/python32/Lib" type="simple" />
            <root url="file://D:/python/python32" type="simple" />
            <root url="file://D:/_python/pycharm_py/test_git/venv" type="simple" />
            <root url="file://D:/_python/pycharm_py/test_git/venv/Lib/site-packages" type="simple" />
            <root url="jar://D:/_python/pycharm_py/test_git/venv/Lib/site-packages/setuptools-40.8.0-py3.8.egg!/" type="simple" />
            <root url="file://D:/_python/pycharm_py/test_git/venv/Lib/site-packages/pip-19.0.3-py3.8.egg" type="simple" />
            <root url="file://$USER_HOME$/.PyCharm2019.1/system/python_stubs/-922424771" type="simple" />
            <root url="file://$APPLICATION_HOME_DIR$/helpers/python-skeletons" type="simple" />
            <root url="file://$APPLICATION_HOME_DIR$/helpers/typeshed/stdlib/3" type="simple" />
            <root url="file://$APPLICATION_HOME_DIR$/helpers/typeshed/stdlib/2and3" type="simple" />
            <root url="file://$APPLICATION_HOME_DIR$/helpers/typeshed/third_party/3" type="simple" />
            <root url="file://$APPLICATION_HOME_DIR$/helpers/typeshed/third_party/2and3" type="simple" />
          </root>
        </classPath>
        <sourcePath>
          <root type="composite" />
        </sourcePath>
      </roots>
      <additional ASSOCIATED_PROJECT_PATH="D:/_python/pycharm_py/test_git" />
    </jdk>
    <jdk version="2">
      <name value="Python 3.8 (magic-python)" />
      <type value="Python SDK" />
      <homePath value="D:\_python\pycharm_py\magic-python\venv\Scripts\python.exe" />
      <roots>
        <classPath>
          <root type="composite">
            <root url="file://D:/python/python32/DLLs" type="simple" />
            <root url="file://D:/python/python32/Lib" type="simple" />
            <root url="file://D:/python/python32" type="simple" />
            <root url="file://D:/_python/pycharm_py/magic-python/venv" type="simple" />
            <root url="file://D:/_python/pycharm_py/magic-python/venv/Lib/site-packages" type="simple" />
            <root url="file://$USER_HOME$/.PyCharm2019.1/system/python_stubs/-1882674284" type="simple" />
            <root url="file://$APPLICATION_HOME_DIR$/helpers/python-skeletons" type="simple" />
            <root url="file://$APPLICATION_HOME_DIR$/helpers/typeshed/stdlib/3" type="simple" />
            <root url="file://$APPLICATION_HOME_DIR$/helpers/typeshed/stdlib/2and3" type="simple" />
            <root url="file://$APPLICATION_HOME_DIR$/helpers/typeshed/third_party/3" type="simple" />
            <root url="file://$APPLICATION_HOME_DIR$/helpers/typeshed/third_party/2and3" type="simple" />
          </root>
        </classPath>
        <sourcePath>
          <root type="composite" />
        </sourcePath>
      </roots>
      <additional ASSOCIATED_PROJECT_PATH="D:/_python/pycharm_py/magic-python" />
    </jdk>
    <jdk version="2">
      <name value="Python 3.8 (python_guides_md)" />
      <type value="Python SDK" />
      <version value="Python 3.8.7" />
      <homePath value="D:\_python\pycharm_py\python_guides_md\venv\Scripts\python.exe" />
      <roots>
        <classPath>
          <root type="composite">
            <root url="file://D:/python/python32/DLLs" type="simple" />
            <root url="file://D:/python/python32/Lib" type="simple" />
            <root url="file://D:/python/python32" type="simple" />
            <root url="file://D:/_python/pycharm_py/python_guides_md/venv" type="simple" />
            <root url="file://D:/_python/pycharm_py/python_guides_md/venv/Lib/site-packages" type="simple" />
            <root url="file://$USER_HOME$/.PyCharm2019.1/system/python_stubs/460554452" type="simple" />
            <root url="file://$APPLICATION_HOME_DIR$/helpers/python-skeletons" type="simple" />
            <root url="file://$APPLICATION_HOME_DIR$/helpers/typeshed/stdlib/3" type="simple" />
            <root url="file://$APPLICATION_HOME_DIR$/helpers/typeshed/stdlib/2and3" type="simple" />
            <root url="file://$APPLICATION_HOME_DIR$/helpers/typeshed/third_party/3" type="simple" />
            <root url="file://$APPLICATION_HOME_DIR$/helpers/typeshed/third_party/2and3" type="simple" />
          </root>
        </classPath>
        <sourcePath>
          <root type="composite" />
        </sourcePath>
      </roots>
      <additional ASSOCIATED_PROJECT_PATH="D:/_python/pycharm_py/python_guides_md" />
    </jdk>
  </component>
</application>