<application>
  <component name="VimEditorSettings">
    <editor />
  </component>
  <component name="VimHistorySettings">
    <history>
      <history-search>
        <entry>display</entry>
        <entry encoding="base64">XDxhZGRfaXBvYV91cGRhdGVfYWxsX21vZGVsXD4=</entry>
        <entry encoding="base64">XDxhZGRfaXBfc3RyXD4=</entry>
        <entry>__str</entry>
        <entry>section</entry>
        <entry encoding="base64">XDxfY3VycmVuY3lcPg==</entry>
        <entry encoding="base64">XDxwdXNoQ29uZmlnSXBcPg==</entry>
        <entry encoding="base64">XDxvbl9jbGlja2VkX3NhdmVcPg==</entry>
        <entry encoding="base64">XDxwdXNoQ2hlY2tPbmVMaW5lXD4=</entry>
        <entry encoding="base64">XDx0YWJsZVdpZGdldFw+</entry>
        <entry encoding="base64">XDxfZ2V0X2xpbmVlZGl0c190ZXh0XD4=</entry>
        <entry encoding="base64">XDxpbml0X3BpbmdfaXBcPg==</entry>
        <entry encoding="base64">XDxvbl9jaGVja19vbl9saW5lXD4=</entry>
        <entry encoding="base64">XDxfZ2V0X3N0YXJ0X2VuZF9pcFw+</entry>
        <entry>extend</entry>
        <entry>md</entry>
        <entry>markdown</entry>
        <entry>todo</entry>
        <entry encoding="base64">XDxwwdCx7aGi19a15KGivK+6z1w+</entry>
        <entry>venv</entry>
      </history-search>
      <history-cmd>
        <entry>w</entry>
        <entry>29</entry>
        <entry>reg</entry>
        <entry>.move 76</entry>
        <entry>.move 81</entry>
        <entry>89</entry>
        <entry>17</entry>
        <entry>34</entry>
        <entry>10</entry>
        <entry>6</entry>
        <entry>mv . 9</entry>
        <entry>. mv 9</entry>
        <entry>. move 9</entry>
        <entry>p 11</entry>
        <entry>. move 2</entry>
        <entry>9</entry>
        <entry>16</entry>
        <entry>. t 45</entry>
        <entry>2</entry>
        <entry>. move 39</entry>
      </history-cmd>
      <history-expr />
      <history-input />
    </history>
  </component>
  <component name="VimKeySettings">
    <shortcut-conflicts>
      <shortcut-conflict owner="vim">
        <text>ctrl pressed OPEN_BRACKET</text>
      </shortcut-conflict>
      <shortcut-conflict owner="vim">
        <text>ctrl pressed S</text>
      </shortcut-conflict>
      <shortcut-conflict owner="ide">
        <text>ctrl pressed C</text>
      </shortcut-conflict>
      <shortcut-conflict owner="ide">
        <text>ctrl pressed V</text>
      </shortcut-conflict>
      <shortcut-conflict owner="ide">
        <text>ctrl pressed L</text>
      </shortcut-conflict>
      <shortcut-conflict owner="vim">
        <text>ctrl pressed K</text>
      </shortcut-conflict>
      <shortcut-conflict owner="vim">
        <text>ctrl pressed I</text>
      </shortcut-conflict>
      <shortcut-conflict owner="vim">
        <text>ctrl pressed R</text>
      </shortcut-conflict>
      <shortcut-conflict owner="ide">
        <text>ctrl pressed H</text>
      </shortcut-conflict>
      <shortcut-conflict owner="vim">
        <text>ctrl pressed A</text>
      </shortcut-conflict>
      <shortcut-conflict owner="vim">
        <text>ctrl pressed M</text>
      </shortcut-conflict>
      <shortcut-conflict owner="vim">
        <text>ctrl pressed P</text>
      </shortcut-conflict>
      <shortcut-conflict owner="vim">
        <text>ctrl pressed Q</text>
      </shortcut-conflict>
      <shortcut-conflict owner="vim">
        <text>ctrl pressed CLOSE_BRACKET</text>
      </shortcut-conflict>
      <shortcut-conflict owner="ide">
        <text>ctrl pressed E</text>
      </shortcut-conflict>
      <shortcut-conflict owner="ide">
        <text>ctrl pressed J</text>
      </shortcut-conflict>
      <shortcut-conflict owner="ide">
        <text>ctrl pressed D</text>
      </shortcut-conflict>
      <shortcut-conflict owner="ide">
        <text>ctrl pressed F</text>
      </shortcut-conflict>
      <shortcut-conflict owner="vim">
        <text>ctrl pressed O</text>
      </shortcut-conflict>
      <shortcut-conflict owner="vim">
        <text>ctrl pressed N</text>
      </shortcut-conflict>
      <shortcut-conflict owner="ide">
        <text>ctrl pressed X</text>
      </shortcut-conflict>
      <shortcut-conflict owner="ide">
        <text>ctrl pressed Y</text>
      </shortcut-conflict>
      <shortcut-conflict owner="vim">
        <text>ctrl pressed W</text>
      </shortcut-conflict>
      <shortcut-conflict owner="vim">
        <text>ctrl pressed G</text>
      </shortcut-conflict>
      <shortcut-conflict owner="ide">
        <text>ctrl pressed U</text>
      </shortcut-conflict>
      <shortcut-conflict owner="ide">
        <text>ctrl pressed T</text>
      </shortcut-conflict>
    </shortcut-conflicts>
  </component>
  <component name="VimMarksSettings">
    <globalmarks />
    <filemarks>
      <file name="/Dummy.txt" timestamp="1654439343575">
        <mark key="[" line="0" column="0" />
      </file>
      <file name="D:/_python/pycharm_py/python_guides_md/source python高级/c02 并发编程/d_generate.py" timestamp="1654409171253">
        <mark key="[" line="2" column="0" />
        <mark key="]" line="2" column="0" />
        <mark key="^" line="10" column="19" />
        <mark key="." line="2" column="0" />
      </file>
      <file name="/fragment.py" timestamp="1654430080712">
        <mark key="[" line="0" column="0" />
      </file>
      <file name="D:/_python/pycharm_py/python_guides_md/source python高级/c02 并发编程/c02_09.md" timestamp="1654425979326">
        <mark key="[" line="17" column="55" />
        <mark key="]" line="102" column="21" />
        <mark key="." line="102" column="20" />
        <mark key="^" line="102" column="21" />
      </file>
      <file name="D:/_python/pycharm_py/python_guides_md/source python高级/c02 并发编程/c02_08.md" timestamp="1654429537799">
        <mark key="[" line="188" column="27" />
        <mark key="]" line="188" column="27" />
        <mark key="^" line="188" column="27" />
        <mark key="." line="188" column="26" />
      </file>
      <file name="D:/_python/pycharm_py/python_guides_md/source python高级/c02 并发编程/d_asyncio2.py" timestamp="1654428696948">
        <mark key="[" line="55" column="0" />
        <mark key="]" line="56" column="0" />
        <mark key="." line="56" column="0" />
        <mark key="^" line="56" column="0" />
      </file>
      <file name="D:/_python/xdkj_test/project/SipTest/pack/data.py" timestamp="1654389834459">
        <mark key="'" line="0" column="0" />
        <mark key="[" line="48" column="7" />
        <mark key="]" line="48" column="26" />
        <mark key="." line="48" column="7" />
        <mark key="^" line="42" column="13" />
      </file>
      <file name="D:/_python/pycharm_py/python_guides_md/source python高级/c02 并发编程/d_asyncio1.py" timestamp="1654409927703">
        <mark key="[" line="5" column="0" />
        <mark key="]" line="1" column="0" />
        <mark key="." line="1" column="0" />
      </file>
      <file name="D:/_python/xdkj_test/project/todo.md" timestamp="1654391147132">
        <mark key="[" line="23" column="4" />
        <mark key="]" line="23" column="10" />
        <mark key="." line="23" column="9" />
        <mark key="^" line="23" column="10" />
      </file>
      <file name="D:/_python/pycharm_py/python_guides_md/source python高级/c02 并发编程/000.md" timestamp="1654433624862">
        <mark key="[" line="232" column="0" />
        <mark key="]" line="58" column="0" />
        <mark key="." line="58" column="0" />
      </file>
      <file name="D:/_python/pycharm_py/projram_tool_assist/.gitignore" timestamp="1654439141890">
        <mark key="'" line="21" column="7" />
        <mark key="[" line="200" column="0" />
        <mark key="]" line="200" column="5" />
        <mark key="^" line="200" column="5" />
        <mark key="." line="200" column="4" />
      </file>
      <file name="D:/_python/pycharm_py/python_guides_md/source python高级/c02 并发编程/d_asyncio.py" timestamp="1654409577216">
        <mark key="]" line="23" column="0" />
        <mark key="^" line="24" column="8" />
      </file>
      <file name="D:/_python/pythonG/demopy/base_test/file/test_json.py" timestamp="1654413114236">
        <mark key="[" line="85" column="15" />
      </file>
      <file name="D:/_python/pythonG/todo.md" timestamp="1654430528259">
        <mark key="'" line="11" column="4" />
        <mark key="[" line="33" column="21" />
        <mark key="]" line="33" column="12" />
        <mark key="." line="33" column="11" />
        <mark key="^" line="33" column="12" />
      </file>
      <file name="D:/_python/xdkj_test/project/SipTest/ui/widget_changeip.py" timestamp="1654389710826">
        <mark key="[" line="44" column="39" />
        <mark key="]" line="44" column="41" />
        <mark key="." line="44" column="40" />
        <mark key="^" line="44" column="41" />
      </file>
      <file name="D:/_python/xdkj_test/project/ipOnline/pack/ip.py" timestamp="1654388047902">
        <mark key="[" line="19" column="25" />
        <mark key="]" line="10" column="22" />
        <mark key="^" line="10" column="22" />
        <mark key="." line="10" column="21" />
      </file>
      <file name="D:/_python/pycharm_py/testDiary/diary_camouflags/date.md" timestamp="1654438050318">
        <mark key="[" line="0" column="0" />
      </file>
      <file name="D:/_python/xdkj_test/project/SipTest/pack/modify_sip_config.py" timestamp="1654388707998">
        <mark key="'" line="73" column="0" />
        <mark key="[" line="44" column="0" />
        <mark key="]" line="44" column="0" />
        <mark key="^" line="43" column="40" />
        <mark key="." line="44" column="0" />
      </file>
      <file name="D:/_python/pycharm_py/python_guides_md/source python高级/c02 并发编程/c02_12.md" timestamp="1654433618722" />
      <file name="D:/_python/pycharm_py/python_guides_md/source python高级/c02 并发编程/c02_10.md" timestamp="1654433501898" />
    </filemarks>
    <jumps>
      <jump line="201" column="28" filename="D:/_python/xdkj_test/project/ipOnline/pack/currency.py" />
      <jump line="202" column="26" filename="D:/_python/xdkj_test/project/ipOnline/pack/currency.py" />
      <jump line="212" column="12" filename="D:/_python/xdkj_test/project/ipOnline/pack/currency.py" />
      <jump line="214" column="28" filename="D:/_python/xdkj_test/project/ipOnline/pack/currency.py" />
      <jump line="221" column="15" filename="D:/_python/xdkj_test/project/ipOnline/pack/currency.py" />
      <jump line="284" column="7" filename="D:/_python/xdkj_test/project/ipOnline/pack/currency.py" />
      <jump line="238" column="18" filename="D:/_python/xdkj_test/project/ipOnline/pack/currency.py" />
      <jump line="293" column="46" filename="D:/_python/xdkj_test/project/ipOnline/pack/currency.py" />
      <jump line="297" column="10" filename="D:/_python/xdkj_test/project/ipOnline/pack/currency.py" />
      <jump line="35" column="19" filename="D:/_python/xdkj_test/project/ipOnline/main_check_ip_online.py" />
      <jump line="87" column="14" filename="D:/_python/xdkj_test/project/ipOnline/main_check_ip_online.py" />
      <jump line="58" column="0" filename="D:/_python/xdkj_test/project/ipOnline/main_check_ip_online.py" />
      <jump line="85" column="8" filename="D:/_python/xdkj_test/project/ipOnline/main_check_ip_online.py" />
      <jump line="57" column="15" filename="D:/_python/xdkj_test/project/ipOnline/main_check_ip_online.py" />
      <jump line="236" column="0" filename="D:/_python/xdkj_test/project/ipOnline/pack/currency.py" />
      <jump line="18" column="53" filename="D:/_python/xdkj_test/project/ipOnline/main_check_ip_online.py" />
      <jump line="20" column="0" filename="D:/_python/xdkj_test/project/ipOnline/main_check_ip_online.py" />
      <jump line="25" column="0" filename="D:/_python/xdkj_test/project/ipOnline/main_check_ip_online.py" />
      <jump line="29" column="0" filename="D:/_python/xdkj_test/project/ipOnline/main_check_ip_online.py" />
      <jump line="31" column="0" filename="D:/_python/xdkj_test/project/ipOnline/main_check_ip_online.py" />
      <jump line="36" column="0" filename="D:/_python/xdkj_test/project/ipOnline/main_check_ip_online.py" />
      <jump line="44" column="0" filename="D:/_python/xdkj_test/project/ipOnline/main_check_ip_online.py" />
      <jump line="51" column="0" filename="D:/_python/xdkj_test/project/ipOnline/main_check_ip_online.py" />
      <jump line="55" column="0" filename="D:/_python/xdkj_test/project/ipOnline/main_check_ip_online.py" />
      <jump line="59" column="0" filename="D:/_python/xdkj_test/project/ipOnline/main_check_ip_online.py" />
      <jump line="65" column="0" filename="D:/_python/xdkj_test/project/ipOnline/main_check_ip_online.py" />
      <jump line="67" column="0" filename="D:/_python/xdkj_test/project/ipOnline/main_check_ip_online.py" />
      <jump line="69" column="0" filename="D:/_python/xdkj_test/project/ipOnline/main_check_ip_online.py" />
      <jump line="71" column="0" filename="D:/_python/xdkj_test/project/ipOnline/main_check_ip_online.py" />
      <jump line="75" column="0" filename="D:/_python/xdkj_test/project/ipOnline/main_check_ip_online.py" />
      <jump line="77" column="0" filename="D:/_python/xdkj_test/project/ipOnline/main_check_ip_online.py" />
      <jump line="83" column="0" filename="D:/_python/xdkj_test/project/ipOnline/main_check_ip_online.py" />
      <jump line="41" column="44" filename="D:/_python/xdkj_test/project/ipOnline/main_check_ip_online.py" />
      <jump line="44" column="45" filename="D:/_python/xdkj_test/project/ipOnline/ui/vlayout.py" />
      <jump line="23" column="45" filename="D:/_python/xdkj_test/project/ipOnline/ui/vlayout.py" />
      <jump line="112" column="13" filename="D:/_python/xdkj_test/project/ipOnline/main_check_ip_online.py" />
      <jump line="233" column="4" filename="D:/_python/xdkj_test/project/ipOnline/main_check_ip_online.py" />
      <jump line="0" column="0" filename="D:/_python/xdkj_test/project/ipOnline/pack/container_ip.py" />
      <jump line="1" column="0" filename="D:/_python/xdkj_test/project/ipOnline/pack/test_generate_ip.py" />
      <jump line="75" column="59" filename="D:/_python/xdkj_test/project/ipOnline/pack/container_ip.py" />
      <jump line="121" column="0" filename="D:/_python/xdkj_test/project/ipOnline/pack/container_ip.py" />
      <jump line="188" column="21" filename="D:/_python/xdkj_test/project/ipOnline/pack/container_ip.py" />
      <jump line="198" column="8" filename="D:/_python/xdkj_test/project/ipOnline/main_check_ip_online.py" />
      <jump line="190" column="8" filename="D:/_python/xdkj_test/project/ipOnline/main_check_ip_online.py" />
      <jump line="128" column="59" filename="D:/_python/xdkj_test/project/ipOnline/main_check_ip_online.py" />
      <jump line="133" column="59" filename="D:/_python/xdkj_test/project/ipOnline/main_check_ip_online.py" />
      <jump line="122" column="13" filename="D:/_python/xdkj_test/project/ipOnline/main_check_ip_online.py" />
      <jump line="153" column="15" filename="D:/_python/xdkj_test/project/ipOnline/main_check_ip_online.py" />
      <jump line="85" column="11" filename="D:/_python/xdkj_test/project/ipOnline/pack/container_ip.py" />
      <jump line="70" column="36" filename="D:/_python/xdkj_test/project/ipOnline/main_check_ip_online.py" />
      <jump line="157" column="19" filename="D:/_python/xdkj_test/project/ipOnline/main_check_ip_online.py" />
      <jump line="167" column="25" filename="D:/_python/xdkj_test/project/ipOnline/main_check_ip_online.py" />
      <jump line="18" column="4" filename="D:/_python/xdkj_test/project/ipOnline/pack/test_generate_ip.py" />
      <jump line="168" column="39" filename="D:/_python/xdkj_test/project/ipOnline/main_check_ip_online.py" />
      <jump line="36" column="0" filename="D:/_python/xdkj_test/project/ipOnline/pack/standard_model.py" />
      <jump line="5" column="56" filename="D:/_python/xdkj_test/project/ipOnline/pack/standard_model.py" />
      <jump line="47" column="0" filename="D:/_python/xdkj_test/project/ipOnline/pack/standard_model.py" />
      <jump line="7" column="0" filename="D:/_python/xdkj_test/project/ipOnline/pack/standard_model.py" />
      <jump line="129" column="51" filename="D:/_python/xdkj_test/project/ipOnline/main_check_ip_online.py" />
      <jump line="72" column="12" filename="D:/_python/xdkj_test/project/ipOnline/pack/standard_model.py" />
      <jump line="164" column="13" filename="D:/_python/xdkj_test/project/ipOnline/pack/container_ip.py" />
      <jump line="0" column="0" filename="D:/_python/xdkj_test/project/ipOnline/pack/suanfa.py" />
      <jump line="53" column="48" filename="D:/_python/xdkj_test/project/ipOnline/pack/ping_ip.py" />
      <jump line="117" column="27" filename="D:/_python/xdkj_test/project/ipOnline/pack/ip.py" />
      <jump line="121" column="25" filename="D:/_python/xdkj_test/project/ipOnline/pack/ip.py" />
      <jump line="16" column="34" filename="D:/_python/xdkj_test/project/ipOnline/main_check_ip_online.py" />
      <jump line="224" column="0" filename="D:/_python/xdkj_test/project/ipOnline/main_check_ip_online.py" />
      <jump line="217" column="10" filename="D:/_python/xdkj_test/project/ipOnline/main_check_ip_online.py" />
      <jump line="187" column="13" filename="D:/_python/xdkj_test/project/ipOnline/main_check_ip_online.py" />
      <jump line="197" column="13" filename="D:/_python/xdkj_test/project/ipOnline/main_check_ip_online.py" />
      <jump line="47" column="21" filename="D:/_python/xdkj_test/project/ipOnline/main_check_ip_online.py" />
      <jump line="81" column="31" filename="D:/_python/xdkj_test/project/ipOnline/main_check_ip_online.py" />
      <jump line="96" column="35" filename="D:/_python/xdkj_test/project/ipOnline/main_check_ip_online.py" />
      <jump line="97" column="41" filename="D:/_python/xdkj_test/project/ipOnline/main_check_ip_online.py" />
      <jump line="102" column="46" filename="D:/_python/xdkj_test/project/ipOnline/main_check_ip_online.py" />
      <jump line="176" column="42" filename="D:/_python/xdkj_test/project/ipOnline/main_check_ip_online.py" />
      <jump line="130" column="8" filename="D:/_python/xdkj_test/project/ipOnline/main_check_ip_online.py" />
      <jump line="103" column="46" filename="D:/_python/xdkj_test/project/ipOnline/main_check_ip_online.py" />
      <jump line="104" column="46" filename="D:/_python/xdkj_test/project/ipOnline/main_check_ip_online.py" />
      <jump line="166" column="26" filename="D:/_python/xdkj_test/project/ipOnline/main_check_ip_online.py" />
      <jump line="12" column="0" filename="D:/_python/pythonG/demopy/base_test/base/some.py" />
      <jump line="26" column="8" filename="D:/_python/pythonG/demopy/base_test/base/some.py" />
      <jump line="0" column="0" filename="D:/_python/xdkj_test/project/SipTest/pages/sip_process_page.py" />
      <jump line="93" column="15" filename="D:/_python/pythonG/demopy/base_test/base/list_s.py" />
      <jump line="11" column="0" filename="D:/_python/pythonG/demopy/base_test/base/dict_init.py" />
      <jump line="9" column="11" filename="D:/_python/pythonG/demopy/base_test/class_/静态方法是否被继承.py" />
      <jump line="13" column="11" filename="D:/_python/pythonG/demopy/base_test/class_/静态方法是否被继承.py" />
      <jump line="17" column="0" filename="D:/_python/pythonG/demopy/base_test/class_/静态方法是否被继承.py" />
      <jump line="21" column="0" filename="D:/_python/pythonG/demopy/base_test/class_/静态方法是否被继承.py" />
      <jump line="25" column="0" filename="D:/_python/pythonG/demopy/base_test/class_/静态方法是否被继承.py" />
      <jump line="29" column="0" filename="D:/_python/xdkj_test/project/SipTest/pack/modify_sip_config.py" />
      <jump line="1" column="0" filename="D:/_python/xdkj_test/project/SipTest/ui/ui_main.py" />
      <jump line="0" column="0" filename="D:/_python/xdkj_test/project/SipTest/pack/data.py" />
      <jump line="37" column="7" filename="D:/_python/xdkj_test/project/SipTest/ui/widget_set.py" />
      <jump line="58" column="7" filename="D:/_python/xdkj_test/project/SipTest/ui/widget_set.py" />
      <jump line="55" column="34" filename="D:/_python/xdkj_test/project/SipTest/ui/widget_set.py" />
      <jump line="20" column="0" filename="D:/_python/xdkj_test/project/SipTest/ui/widget_set.py" />
      <jump line="4" column="4" filename="D:/_python/pythonG/todo.md" />
      <jump line="12" column="4" filename="D:/_python/pythonG/todo.md" />
      <jump line="21" column="7" filename="D:/_python/pycharm_py/projram_tool_assist/.gitignore" />
    </jumps>
  </component>
  <component name="VimRegisterSettings">
    <registers>
      <register name="a" type="4">
        <keys>
          <key char="65" code="0" mods="0" />
          <key char="32" code="0" mods="0" />
          <key char="32" code="0" mods="0" />
          <key char="65535" code="27" mods="0" />
          <key char="48" code="0" mods="0" />
          <key char="106" code="0" mods="0" />
        </keys>
      </register>
      <register name="&quot;" type="4">
        <text encoding="base64">IA==</text>
      </register>
      <register name="b" type="4">
        <keys>
          <key char="111" code="0" mods="0" />
          <key char="62" code="0" mods="0" />
          <key char="32" code="0" mods="0" />
          <key char="65535" code="10" mods="0" />
          <key char="65535" code="27" mods="0" />
          <key char="106" code="0" mods="0" />
        </keys>
      </register>
      <register name="+" type="2">
        <text encoding="base64">ICAgICAgICBzZWxmLm1ldGhvZHM6IERpY3Rbc3RyLCBEZXF1ZVtPcHRpb25hbFtDYWxsYWJsZV1dXSA9IGRlZmF1bHRkaWN0KGRlcXVlKQo=</text>
      </register>
      <register name="-" type="4">
        <text encoding="base64">IA==</text>
      </register>
      <register name="/" type="4">
        <text>venv</text>
      </register>
      <register name="0" type="2">
        <text encoding="base64">ICAgIHByaW50KGNhbGNfYXZlcmFnZS5zZW5kKDEwKSkK</text>
      </register>
      <register name="1" type="2">
        <text encoding="base64">IyMjIDMuMSDS8s6qy/y/ydLUsO/O0sPHtKbA7dLss6MK</text>
      </register>
      <register name="2" type="2">
        <text encoding="base64">CmltcG9ydCBhc3luY2lvCmltcG9ydCBkYXRldGltZQppbXBvcnQgcmFuZG9tCgo=</text>
      </register>
      <register name="3" type="2">
        <text encoding="base64">ICAgIGZvciAK</text>
      </register>
      <register name="4" type="4">
        <text>i in loop:
        pass
    for i, k in enumerate(loop):</text>
      </register>
      <register name="5" type="2">
        <text encoding="base64">ICAgIGZvciBlbmRfdGltZSBpbiBsb29wOgo=</text>
      </register>
      <register name="6" type="2">
        <text encoding="base64">Cg==</text>
      </register>
      <register name="7" type="2">
        <text encoding="base64">IyMjILv5tKEK</text>
      </register>
      <register name="8" type="2">
        <text encoding="base64">Cg==</text>
      </register>
      <register name="9" type="2">
        <text encoding="base64">Cg==</text>
      </register>
      <register name=":" type="4">
        <text>. move 39</text>
      </register>
    </registers>
  </component>
  <component name="VimSearchSettings">
    <search>
      <last-search>venv</last-search>
      <last-offset />
      <last-pattern>venv</last-pattern>
      <last-replace />
      <last-substitute>\&quot;</last-substitute>
      <last-dir>1</last-dir>
      <show-last>false</show-last>
    </search>
  </component>
  <component name="VimSettings">
    <state version="6" enabled="true" />
    <notifications>
      <idea-join enabled="true" />
      <idea-put enabled="false" />
    </notifications>
  </component>
</application>