<application>
  <component name="AppStorage">
    <histories>
      <item value="future" />
      <item value="future对象" />
      <item value="future对象`/" />
      <item value="print stack" />
      <item value="TypeError: expected string or bytes-like object" />
      <item value="Qt: Untested Windows version 10.0 detected!" />
      <item value="Generator" />
      <item value="Coroutine" />
      <item value="duration" />
      <item value="Python" />
      <item value="foo_static2() missing 1 required positional argument: 'a'" />
      <item value="enumerate" />
      <item value="reversed" />
      <item value="Quantity" />
      <item value="validate" />
      <item value="concatenate" />
      <item value="reduce" />
      <item value="Single" />
      <item value="Signal" />
      <item value="counter signal handler" />
      <item value="generator" />
      <item value="unexpected" />
      <item value="Caption" />
      <item value="Explore" />
      <item value="block" />
      <item value="cipher" />
      <item value="hidden" />
      <item value="socket" />
      <item value="STREAM" />
      <item value="Handler" />
      <item value="Hander" />
      <item value="pattern" />
      <item value="convert" />
      <item value="Tried" />
      <item value="insert" />
      <item value="Compose a component list from a { class: order } dictionary." />
      <item value="&quot;&quot;&quot;Get a composition of a dictionary-like setting and its `_BASE`" />
      <item value="composition" />
      <item value="loads" />
      <item value="priority" />
      <item value="The 'package' argument is required when performing a relative import. It specifies the package to use as the anchor point from which to resolve the relative import to an absolute import." />
      <item value="Get an iterator from an object. In the first form, the argument must supply its own iterator, or be a sequence. In the second form, the callable is called until it returns the sentinel." />
      <item value="frozen" />
      <item value="arbitrary" />
      <item value="Return an immutable copy of the current settings" />
      <item value="immutable" />
      <item value="set" />
      <item value="intended for internal usage" />
      <item value="intended" />
      <item value="configuration" />
    </histories>
    <option name="languageScores">
      <map>
        <entry key="CHINESE" value="189" />
        <entry key="ENGLISH" value="190" />
        <entry key="ALBANIAN" value="1" />
        <entry key="FRISIAN" value="1" />
        <entry key="LATIN" value="1" />
        <entry key="NORWEGIAN" value="1" />
        <entry key="SWEDISH" value="2" />
      </map>
    </option>
  </component>
  <component name="Settings">
    <option name="ignoreRegExp" value="" />
  </component>
</application>