<application>
  <component name="DefaultFont">
    <option name="FONT_SIZE" value="16" />
    <option name="FONT_FAMILY" value="Source Code Pro Light" />
    <option name="LINE_SPACING" value="1.2" />
    <option name="SECONDARY_FONT_FAMILY" value="Consolas" />
  </component>
  <component name="EditorSettings">
    <option name="languageBreadcrumbsMap">
      <map>
        <entry key="Python" value="true" />
      </map>
    </option>
    <option name="USE_SOFT_WRAPS" value="CONSOLE" />
    <option name="SHOW_BREADCRUMBS_ABOVE" value="true" />
  </component>
</application>