<application>
  <component name="AppStorage">
    <histories>
      <item value="Explore" />
      <item value="block" />
      <item value="cipher" />
      <item value="hidden" />
      <item value="socket" />
      <item value="STREAM" />
      <item value="Handler" />
      <item value="Hander" />
      <item value="pattern" />
      <item value="convert" />
      <item value="Tried" />
      <item value="insert" />
      <item value="Compose a component list from a { class: order } dictionary." />
      <item value="&quot;&quot;&quot;Get a composition of a dictionary-like setting and its `_BASE`" />
      <item value="composition" />
      <item value="loads" />
      <item value="priority" />
      <item value="The 'package' argument is required when performing a relative import. It specifies the package to use as the anchor point from which to resolve the relative import to an absolute import." />
      <item value="Get an iterator from an object. In the first form, the argument must supply its own iterator, or be a sequence. In the second form, the callable is called until it returns the sentinel." />
      <item value="frozen" />
      <item value="arbitrary" />
      <item value="Return an immutable copy of the current settings" />
      <item value="immutable" />
      <item value="set" />
      <item value="intended for internal usage" />
      <item value="intended" />
      <item value="configuration" />
      <item value="internal usage" />
      <item value="internal" />
      <item value="storing" />
      <item value="r" />
      <item value="populated" />
      <item value="assumed" />
      <item value="meth" />
      <item value="helper" />
      <item value="parameter" />
      <item value="priorities" />
      <item value="instance" />
      <item value="provided" />
      <item value="Store" />
      <item value="attributes" />
      <item value="# Do not pass kwarg values here. We don't want to promote user-defined # dicts, and we want to update, not replace, default dicts with the # values given by the user" />
      <item value="&quot;&quot;&quot; This object stores Scrapy settings for the configuration of internal components, and can be used for any further customization. It is a direct subclass and supports all methods of :class:`~scrapy.settings.BaseSettings`. Additionally, after instantiation of this class, the new object will have the global default settings described on :ref:`topics-settings-ref` already populated. &quot;&quot;&quot;" />
      <item value="&quot;&quot;&quot;Installs the :mod:`~twisted.internet.reactor` with the specified import path. Also installs the asyncio event loop with the specified import path if the asyncio reactor is enabled&quot;&quot;&quot;" />
      <item value="parser" />
      <item value="parallel" />
      <item value="process" />
      <item value="implementing" />
      <item value="abstractmethod" />
      <item value="Platform" />
    </histories>
    <option name="languageScores">
      <map>
        <entry key="CHINESE" value="164" />
        <entry key="ENGLISH" value="165" />
        <entry key="ALBANIAN" value="1" />
        <entry key="FRISIAN" value="1" />
        <entry key="NORWEGIAN" value="1" />
        <entry key="SWEDISH" value="2" />
      </map>
    </option>
  </component>
  <component name="Settings">
    <option name="ignoreRegExp" value="" />
  </component>
</application>